Yarn ID,Discontinued,Grams,Machine Washable,Average Rating,Yardage,Yarn Weight
1666,False,100.0,False,4.73,210.0,Aran
53539,False,,True,4.7,420.0,Fingering
26385,False,100.0,True,4.73,440.0,Light Fingering
3893,False,150.0,True,4.71,574.0,Fingering
24750,False,150.0,True,4.69,510.0,Fingering
35367,False,,True,4.78,225.0,DK
8053,False,,True,4.71,395.0,Fingering
55637,False,,True,4.8,200.0,Worsted
3248,False,146.0,True,4.66,405.0,Fingering
3847,False,50.0,False,4.52,470.0,Lace
392,False,50.0,False,4.67,175.0,Fingering
60478,False,100.0,True,4.43,462.0,Fingering
1240,False,100.0,True,4.54,435.0,Fingering
4800,False,300.0,True,4.78,1722.0,Lace
59108,False,100.0,True,4.52,437.0,Fingering
5833,False,113.0,True,4.56,450.0,Fingering
74654,False,100.0,True,4.79,334.0,Sport
5006,False,50.0,False,4.65,150.0,DK
46836,False,150.0,False,4.8,90.0,Super Bulky
21433,False,50.0,False,4.67,150.0,DK
810,False,100.0,False,4.35,138.0,Aran
54983,False,,False,4.81,360.0,Sport
65153,False,100.0,False,4.55,150.0,Aran
6590,False,170.0,True,4.68,405.0,Sport
52345,False,115.0,True,4.67,425.0,Fingering
94256,False,200.0,True,4.83,468.0,DK
36329,False,226.0,True,4.83,560.0,DK
100150,False,100.0,True,4.75,445.0,Fingering
49926,False,100.0,True,4.46,462.0,Fingering
65374,False,100.0,False,4.72,218.0,Worsted
65530,False,115.0,False,4.87,440.0,Fingering
118765,False,,True,4.77,420.0,Fingering
14645,False,120.0,True,4.79,400.0,Fingering
127348,False,100.0,True,4.75,420.0,Fingering
71262,False,,True,4.75,225.0,DK
101832,False,100.0,True,4.79,130.0,Bulky
134119,False,100.0,False,4.77,400.0,Fingering
19574,False,110.0,True,4.78,400.0,Fingering
683,False,113.0,True,4.64,225.0,Aran
116941,False,100.0,True,4.46,357.0,Fingering
16888,True,100.0,False,4.24,376.0,Fingering
11111,False,25.0,False,4.74,330.0,Lace
61096,False,,True,4.75,270.0,Sport
83430,False,,True,4.82,250.0,DK
9113,False,100.0,True,4.56,435.0,Fingering
65883,False,113.0,False,4.79,400.0,Fingering
76242,False,,True,4.8,165.0,Bulky
87261,False,115.0,True,4.67,425.0,Fingering
49085,False,,True,4.66,840.0,Lace
95154,False,100.0,False,4.67,490.0,Light Fingering
77670,False,100.0,True,4.57,425.0,Fingering
296,False,100.0,True,4.52,400.0,Fingering
1760,False,50.0,False,4.47,440.0,Lace
47791,False,,True,4.68,210.0,Worsted
84979,False,50.0,False,4.66,420.0,Lace
88789,False,100.0,False,4.67,454.0,Fingering
72909,False,105.0,False,4.87,200.0,DK
29702,False,100.0,False,4.61,437.0,Fingering
30746,True,100.0,True,4.52,220.0,Worsted
102622,False,50.0,True,4.72,200.0,Sport
73918,False,100.0,False,4.75,309.0,DK
9143,False,113.0,True,4.59,225.0,Aran
12496,True,100.0,False,4.49,220.0,Worsted
122194,False,150.0,False,4.83,546.0,Sport
123593,False,,True,4.74,52.0,Fingering
132879,False,100.0,True,4.62,435.0,Fingering
106782,False,,True,4.72,90.0,Super Bulky
61448,True,,False,4.78,187.0,Worsted
108474,False,113.0,True,4.66,512.0,Fingering
58428,False,50.0,False,4.56,170.0,Sport
131980,False,100.0,True,4.89,400.0,Fingering
108838,False,100.0,False,4.92,450.0,Light Fingering
88940,False,50.0,False,4.83,200.0,Fingering
39669,False,113.0,True,4.57,480.0,Light Fingering
52707,False,114.0,True,4.84,385.0,Fingering
58195,False,100.0,True,4.82,400.0,Fingering
38564,False,37.0,True,4.81,133.0,Fingering
96162,False,115.0,True,4.87,200.0,Worsted
101006,False,100.0,True,4.73,399.0,Fingering
109649,False,113.0,True,4.74,344.0,Sport
136425,False,100.0,True,4.53,357.0,Fingering
9342,False,114.0,True,4.64,400.0,Fingering
4412,False,100.0,False,4.71,100.0,Aran
28110,False,100.0,True,4.66,420.0,Fingering
60011,False,100.0,False,4.81,760.0,Lace
93446,False,100.0,True,4.72,399.0,Fingering
68960,False,100.0,True,4.77,437.0,Fingering
12348,False,100.0,True,4.61,465.0,Light Fingering
15135,False,228.0,True,4.75,400.0,Worsted
136662,False,100.0,True,4.89,463.0,Light Fingering
139313,False,,True,4.79,435.0,Light Fingering
122929,False,113.0,False,4.78,420.0,Fingering
10657,True,113.0,True,4.62,450.0,Fingering
50187,False,100.0,False,4.59,525.0,Light Fingering
85153,True,122.0,True,4.8,412.0,Sport
56747,False,100.0,True,4.63,425.0,Fingering
68067,False,100.0,True,4.69,460.0,Light Fingering
93999,False,113.0,False,4.66,430.0,Fingering
28256,False,100.0,False,4.55,428.0,Fingering
19157,True,107.0,True,4.53,450.0,Fingering
65301,True,,False,4.8,405.0,Fingering
6662,False,100.0,False,4.75,546.0,Fingering
18714,False,150.0,True,4.76,335.0,Sport
119740,False,100.0,True,4.72,400.0,Fingering
53032,True,100.0,False,4.72,464.0,Light Fingering
5680,False,100.0,False,4.68,240.0,Worsted
89584,False,114.0,True,4.66,475.0,Fingering
108283,True,,False,4.57,325.0,Fingering
68382,False,100.0,True,4.81,460.0,Light Fingering
129555,False,100.0,True,4.79,874.0,Lace
100699,False,,True,4.76,420.0,Fingering
48249,False,100.0,True,4.81,270.0,DK
88873,False,100.0,True,4.34,328.0,Sport
111455,False,100.0,True,4.91,400.0,Fingering
81124,False,75.0,False,4.57,217.0,Sport
132327,False,142.0,True,4.8,525.0,Fingering
39317,False,114.0,True,4.83,250.0,DK
79807,False,100.0,True,4.79,400.0,Fingering
109258,False,100.0,True,4.85,463.0,Light Fingering
44292,False,114.0,True,4.84,200.0,Worsted
110175,False,100.0,True,4.9,400.0,Fingering
26174,False,150.0,False,4.81,560.0,Fingering
101526,False,115.0,True,4.75,252.0,DK
54044,False,113.0,False,4.83,280.0,Worsted
150677,False,100.0,False,4.8,210.0,DK
679,False,100.0,False,4.61,205.0,Aran
105627,False,240.0,False,4.74,616.0,Worsted
112746,False,,False,4.75,110.0,Bulky
26514,False,226.0,False,4.75,620.0,Sport
59447,False,114.0,True,4.75,575.0,Light Fingering
56862,False,100.0,True,4.81,430.0,Fingering
81037,False,100.0,False,4.77,430.0,Fingering
138362,False,222.0,True,4.84,798.0,Fingering
149252,False,115.0,False,4.82,435.0,Fingering
69483,False,100.0,True,4.74,400.0,Fingering
117976,False,100.0,False,4.56,370.0,Fingering
108893,False,114.0,True,4.65,400.0,Fingering
120905,False,115.0,True,4.85,405.0,Fingering
81518,True,75.0,True,4.42,645.0,Lace
46486,False,226.0,False,4.66,661.0,Sport
115978,False,100.0,True,4.92,465.0,Light Fingering
44511,False,65.0,False,4.7,400.0,Lace
325,False,100.0,False,4.56,230.0,Worsted
54161,False,113.0,False,4.68,230.0,Worsted
152740,False,100.0,True,4.36,458.0,Fingering
130021,False,114.0,True,4.91,400.0,Fingering
131110,False,100.0,False,4.79,387.0,Fingering
34164,False,114.0,False,4.77,205.0,Aran
526,False,113.0,False,4.61,1250.0,Lace
91423,False,135.0,True,4.84,510.0,Fingering
115867,False,50.0,True,4.78,95.0,Worsted
155491,False,100.0,True,4.48,435.0,Fingering
113763,False,100.0,True,4.68,437.0,Fingering
72759,False,100.0,True,4.87,463.0,Fingering
63493,True,,True,4.77,250.0,Sport
11361,False,125.0,False,4.71,202.0,Aran
3703,True,50.0,False,4.08,82.0,Aran
147490,False,100.0,True,4.84,435.0,Fingering
104828,False,100.0,True,4.71,475.0,Light Fingering
157214,False,100.0,True,4.54,357.0,Fingering
108502,False,100.0,True,4.75,440.0,Fingering
78027,False,100.0,True,4.7,437.0,Fingering
125218,False,115.0,True,4.86,378.0,Fingering
94117,False,100.0,True,4.87,464.0,Fingering
36897,False,50.0,False,4.37,145.0,Sport
104747,False,121.0,True,4.74,500.0,Fingering
50314,False,100.0,True,4.3,463.0,Light Fingering
19765,False,100.0,True,4.87,225.0,Sport
46915,False,100.0,False,4.67,459.0,Light Fingering
98571,False,100.0,True,4.62,437.0,Fingering
74504,False,100.0,True,4.83,400.0,Fingering
74959,False,100.0,False,4.77,460.0,Light Fingering
27482,True,100.0,False,4.74,400.0,Fingering
85301,True,106.0,True,4.7,420.0,Fingering
32309,False,100.0,False,4.71,240.0,Worsted
152278,False,115.0,True,4.75,437.0,Fingering
66394,False,48.0,False,4.86,200.0,Fingering
74663,False,100.0,False,4.77,395.0,Fingering
10839,False,115.0,True,4.72,400.0,Fingering
120100,False,100.0,True,4.86,462.0,Light Fingering
75351,False,100.0,True,4.82,459.0,Light Fingering
101491,False,100.0,False,4.7,875.0,Lace
131958,False,115.0,False,4.89,420.0,Fingering
103209,False,100.0,True,4.71,220.0,DK
148546,False,115.0,True,4.93,430.0,Fingering
121650,False,100.0,True,4.85,400.0,Fingering
9492,False,100.0,False,4.85,328.0,Sport
86397,False,100.0,False,4.53,437.0,Fingering
106501,False,100.0,True,4.79,270.0,DK
57082,False,100.0,False,4.78,400.0,Fingering
26423,True,113.0,True,4.51,450.0,Fingering
131978,False,115.0,False,4.9,252.0,DK
61562,False,100.0,True,4.79,350.0,Fingering
18348,False,114.0,False,4.65,1260.0,Lace
35940,True,115.0,True,4.53,355.0,Sport
138962,False,100.0,False,4.86,400.0,Fingering
144810,False,100.0,False,4.86,400.0,Light Fingering
99288,False,100.0,True,4.82,465.0,Light Fingering
101583,False,100.0,False,4.64,260.0,DK
55238,False,,False,4.73,465.0,Fingering
3301,False,100.0,True,4.4,450.0,Fingering
4617,False,125.0,False,4.58,546.0,Light Fingering
92373,False,100.0,True,4.53,393.0,Fingering
91781,False,100.0,True,4.73,465.0,Fingering
144694,False,100.0,True,4.88,400.0,Fingering
129843,False,100.0,True,4.84,437.0,Fingering
22076,False,100.0,True,4.53,400.0,Light Fingering
125414,False,205.0,False,4.9,240.0,Bulky
110466,False,397.0,True,4.74,1750.0,Light Fingering
72172,False,100.0,False,4.58,437.0,Fingering
126820,False,114.0,True,4.79,275.0,DK
118106,False,100.0,False,4.71,437.0,Fingering
168069,False,100.0,False,4.89,150.0,Aran
131988,False,235.0,True,4.84,560.0,Fingering
75484,False,100.0,False,4.93,390.0,Fingering
33887,True,113.0,True,4.72,360.0,Fingering
118471,False,100.0,False,4.69,240.0,DK
8485,True,107.0,True,4.11,420.0,Fingering
74180,False,100.0,True,4.8,437.0,Fingering
123016,True,,True,4.69,420.0,Fingering
3790,False,226.0,True,4.56,560.0,Worsted
62037,False,113.0,False,4.7,280.0,DK
73593,False,100.0,True,4.84,400.0,Fingering
23300,False,113.0,False,4.45,400.0,Fingering
4100,True,114.0,True,4.5,550.0,Light Fingering
114973,False,100.0,True,4.81,435.0,Fingering
3428,False,100.0,True,4.6,459.0,Light Fingering
104134,True,115.0,False,4.83,750.0,Lace
131709,False,100.0,True,4.85,463.0,Light Fingering
3571,True,113.0,True,4.32,450.0,Fingering
121619,False,115.0,True,4.78,280.0,DK
94904,True,75.0,False,4.4,322.0,Fingering
4713,False,100.0,True,4.55,265.0,DK
130881,False,100.0,False,4.67,450.0,Light Fingering
155469,False,100.0,True,4.91,465.0,Light Fingering
88393,False,100.0,False,4.98,409.0,Fingering
78476,False,100.0,False,4.43,820.0,Lace
103782,False,100.0,True,4.79,400.0,Fingering
7650,False,100.0,False,4.56,350.0,DK
65315,False,114.0,False,4.77,420.0,Fingering
127032,False,100.0,True,4.31,222.0,Worsted
122982,False,100.0,True,4.75,437.0,Fingering
120816,False,100.0,True,4.71,459.0,Light Fingering
124014,False,,False,4.74,205.0,DK
93322,False,200.0,False,4.81,875.0,Fingering
35184,False,100.0,False,4.65,459.0,Light Fingering
12176,False,50.0,True,4.43,130.0,DK
152666,False,,True,4.81,400.0,Sport
117809,False,100.0,True,4.91,400.0,Fingering
32042,False,100.0,False,4.61,1200.0,Lace
127559,False,114.0,True,4.82,252.0,DK
125941,False,100.0,True,4.62,120.0,Bulky
117802,True,100.0,True,4.65,385.0,Sport
38328,False,76.0,False,4.7,250.0,Sport
26765,True,155.0,True,4.53,450.0,Fingering
126578,False,115.0,True,4.88,250.0,DK
87211,False,100.0,False,4.66,459.0,Fingering
4303,False,113.0,True,4.24,450.0,Fingering
141086,False,100.0,True,4.82,400.0,Fingering
54431,False,113.0,True,4.68,420.0,Light Fingering
2855,False,50.0,False,4.1,88.0,Aran
34013,False,50.0,False,4.7,114.0,DK
153807,False,100.0,False,4.79,463.0,Fingering
152665,False,,False,4.82,225.0,DK
12283,True,100.0,False,4.72,252.0,DK
52855,False,113.0,True,4.9,385.0,Fingering
40151,True,100.0,True,4.79,440.0,Fingering
123862,False,,True,4.82,250.0,DK
84615,False,100.0,True,4.64,459.0,Light Fingering
137762,False,200.0,True,4.52,831.0,Fingering
47787,False,100.0,True,4.79,400.0,Fingering
76987,False,70.0,True,4.76,340.0,Light Fingering
5512,False,50.0,True,4.53,185.0,Fingering
56931,False,50.0,False,4.78,191.0,Sport
121206,False,113.0,True,4.77,280.0,DK
71690,False,100.0,False,4.73,400.0,Fingering
100502,True,,False,4.69,420.0,Fingering
83403,False,100.0,True,4.74,459.0,Fingering
26378,False,100.0,False,4.56,230.0,Aran
115225,False,50.0,True,4.65,218.0,Fingering
133254,True,100.0,True,4.85,219.0,Worsted
101893,True,100.0,False,4.5,215.0,Worsted
153323,False,100.0,False,4.92,463.0,Light Fingering
136063,False,100.0,True,4.88,464.0,Fingering
123700,False,50.0,True,4.66,229.0,Fingering
46233,False,100.0,False,4.69,437.0,Fingering
78844,False,100.0,True,4.85,227.0,DK
32611,False,100.0,True,4.82,463.0,Light Fingering
52977,False,100.0,True,4.87,98.0,Bulky
110940,False,100.0,False,4.79,437.0,Fingering
64762,False,100.0,True,4.23,420.0,Fingering
3511,False,100.0,False,4.46,260.0,Aran
130183,False,115.0,True,4.94,250.0,DK
49555,False,100.0,False,4.82,437.0,Fingering
116202,False,100.0,True,4.75,360.0,Sport
84174,False,114.0,True,4.61,425.0,Fingering
15117,False,113.0,True,4.74,200.0,Worsted
137854,False,100.0,True,4.95,400.0,Fingering
110589,False,113.0,False,4.72,560.0,Light Fingering
18972,False,112.0,False,4.25,217.0,Worsted
34961,True,150.0,True,4.57,360.0,DK
11358,True,113.0,True,4.44,560.0,Light Fingering
28108,True,,False,4.66,1000.0,Lace
128277,False,100.0,True,4.81,465.0,Light Fingering
98307,False,100.0,True,4.59,656.0,Lace
53609,False,65.0,True,4.36,230.0,Fingering
162125,False,50.0,False,4.76,191.0,Fingering
113480,False,113.0,True,4.81,184.0,Aran
3983,True,100.0,True,4.4,450.0,Fingering
73581,True,100.0,True,4.87,463.0,Light Fingering
156248,False,100.0,True,4.84,400.0,Fingering
126242,False,150.0,False,4.78,87.0,Super Bulky
68989,False,100.0,True,4.81,400.0,Fingering
143325,False,100.0,False,4.8,465.0,Light Fingering
130186,False,100.0,True,4.91,400.0,Fingering
135381,False,115.0,True,4.84,420.0,Fingering
11807,False,28.0,False,4.72,350.0,Lace
108216,False,100.0,True,4.84,190.0,Worsted
76685,False,100.0,True,4.77,218.0,Worsted
65953,False,100.0,True,4.76,460.0,Light Fingering
143718,False,100.0,True,4.83,437.0,Fingering
151580,False,100.0,False,4.88,460.0,Light Fingering
34167,False,114.0,False,4.84,154.0,Bulky
89662,False,100.0,True,4.82,400.0,Fingering
119629,False,113.0,True,4.08,480.0,Light Fingering
26492,False,100.0,True,4.44,400.0,Fingering
92376,False,100.0,True,4.81,400.0,Fingering
96182,False,13.0,False,4.69,45.0,Fingering
84068,False,100.0,True,4.89,462.0,Light Fingering
121245,False,100.0,False,4.83,437.0,Fingering
127631,False,240.0,False,4.82,700.0,Sport
64802,False,100.0,True,4.48,437.0,Fingering
138550,False,100.0,True,4.79,383.0,Fingering
142312,False,100.0,False,4.59,380.0,DK
154351,False,100.0,False,4.82,465.0,Light Fingering
157566,False,100.0,True,4.88,197.0,Worsted
48897,False,70.0,False,4.83,315.0,Fingering
67874,False,100.0,True,4.82,400.0,Fingering
30635,False,100.0,True,4.68,436.0,Fingering
52010,False,114.0,False,4.74,750.0,Lace
51894,False,100.0,True,4.83,460.0,Light Fingering
165006,False,100.0,False,4.85,274.0,DK
73396,False,100.0,False,4.79,437.0,Fingering
66902,True,100.0,False,4.62,108.0,Bulky
137184,False,100.0,True,4.93,400.0,Fingering
123248,False,100.0,True,4.76,400.0,Fingering
133362,False,113.0,False,4.74,560.0,Light Fingering
99439,False,100.0,True,4.91,400.0,Fingering
33305,False,100.0,False,4.67,459.0,Light Fingering
147389,False,100.0,False,4.75,400.0,Fingering
97172,True,113.0,False,4.81,250.0,Worsted
120190,True,50.0,False,4.79,120.0,DK
139966,False,100.0,False,4.81,428.0,Fingering
80751,False,114.0,False,4.85,385.0,Fingering
75357,False,100.0,True,4.72,274.0,Sport
143476,False,100.0,False,4.89,437.0,Fingering
116399,False,100.0,True,4.87,438.0,Fingering
132464,False,115.0,True,4.86,231.0,DK
125925,False,100.0,True,4.95,435.0,Fingering
62674,False,100.0,True,4.89,465.0,Fingering
129782,False,100.0,False,4.85,459.0,Fingering
126868,False,100.0,True,4.87,463.0,Light Fingering
172524,False,100.0,True,4.79,210.0,Worsted
126840,False,100.0,False,4.48,400.0,Fingering
132476,False,100.0,True,4.92,437.0,Fingering
142136,False,100.0,True,4.85,463.0,Light Fingering
107291,False,100.0,True,4.81,400.0,Fingering
144516,False,100.0,False,4.6,430.0,Fingering
95194,False,100.0,False,4.62,437.0,Fingering
50424,False,112.0,False,4.72,385.0,Sport
97217,False,100.0,True,4.82,490.0,Light Fingering
40341,True,184.0,True,4.41,510.0,Fingering
55675,False,50.0,False,4.95,164.0,DK
148651,False,200.0,True,4.19,875.0,Fingering
88292,False,250.0,False,4.91,540.0,Worsted
143354,False,100.0,True,4.75,463.0,Light Fingering
136821,False,100.0,False,4.67,465.0,Light Fingering
121380,False,100.0,True,4.58,420.0,Fingering
150066,False,120.0,True,4.72,393.0,Fingering
53504,False,100.0,True,4.86,460.0,Fingering
139451,False,100.0,True,4.97,463.0,Light Fingering
125164,False,100.0,False,4.79,383.0,Fingering
141670,False,100.0,False,4.84,465.0,Light Fingering
76887,False,100.0,True,4.81,231.0,DK
74040,False,113.0,False,4.64,330.0,DK
118326,False,150.0,True,4.73,114.0,Super Bulky
166659,False,100.0,True,3.98,440.0,Fingering
17052,True,100.0,False,4.74,215.0,Aran
122820,False,115.0,True,4.93,250.0,DK
53800,False,100.0,True,4.68,460.0,Light Fingering
138234,False,115.0,False,4.73,238.0,Worsted
4267,True,100.0,False,4.47,109.0,Super Bulky
78206,False,113.0,False,4.32,630.0,Lace
145592,False,100.0,False,4.91,435.0,Fingering
126551,False,100.0,True,4.87,410.0,Fingering
50333,True,100.0,True,4.65,210.0,Aran
139757,False,100.0,True,4.86,394.0,Fingering
166855,False,200.0,True,4.31,874.0,Sport
4756,False,125.0,False,4.7,246.0,DK
130610,False,100.0,True,4.73,219.0,DK
107900,False,115.0,True,4.93,405.0,Fingering
143616,False,115.0,True,4.9,416.0,Fingering
91740,False,115.0,True,4.81,420.0,Fingering
18238,True,100.0,True,4.64,395.0,Fingering
89844,True,100.0,True,4.8,656.0,Lace
149564,False,100.0,True,4.92,399.0,Fingering
8951,False,100.0,True,4.46,490.0,Light Fingering
117954,False,100.0,True,4.86,463.0,Light Fingering
304,False,113.0,False,4.39,225.0,Bulky
136214,False,100.0,False,4.87,409.0,Fingering
146551,False,100.0,True,4.79,440.0,Light Fingering
139573,False,100.0,True,4.91,460.0,Fingering
82964,False,100.0,True,4.87,400.0,Fingering
103899,False,100.0,True,4.85,425.0,Fingering
83584,False,150.0,False,4.71,500.0,Fingering
110722,False,100.0,True,4.85,200.0,Worsted
159228,False,100.0,True,4.3,435.0,Fingering
58143,True,100.0,False,4.63,435.0,Fingering
98507,False,100.0,False,4.82,232.0,DK
76791,False,100.0,True,4.61,492.0,Light Fingering
5628,False,150.0,True,3.87,333.0,Sport
68383,False,100.0,True,4.79,490.0,Light Fingering
113857,False,114.0,True,4.77,125.0,Bulky
66363,False,113.0,False,4.62,450.0,Fingering
41218,False,100.0,True,4.51,440.0,Fingering
148787,False,100.0,False,4.5,246.0,DK
48999,False,115.0,True,4.6,420.0,Fingering
82030,False,115.0,False,4.75,330.0,DK
136062,False,100.0,True,4.94,437.0,Fingering
154391,False,115.0,True,4.69,400.0,Fingering
116317,False,100.0,True,4.77,400.0,Fingering
38866,True,100.0,True,4.7,435.0,Fingering
45088,True,100.0,True,4.56,437.0,Fingering
62890,False,100.0,False,4.79,440.0,Fingering
81123,False,75.0,False,4.52,127.0,Aran
127629,False,125.0,False,4.93,280.0,DK
142390,False,100.0,True,4.92,400.0,Fingering
151288,False,100.0,True,4.9,465.0,Light Fingering
130737,False,100.0,True,4.71,267.0,DK
120101,False,100.0,True,4.87,400.0,Fingering
150972,True,100.0,True,4.84,414.0,Fingering
29514,False,100.0,False,4.76,440.0,Fingering
29187,True,142.0,False,4.49,450.0,Fingering
114974,False,100.0,True,4.83,400.0,Fingering
155470,False,100.0,True,4.6,220.0,Worsted
52709,False,114.0,True,4.67,980.0,Lace
99106,False,100.0,True,4.82,190.0,Aran
85511,False,113.0,False,4.77,1250.0,Lace
8766,False,100.0,True,4.41,284.0,Sport
105075,True,85.0,False,4.48,405.0,Fingering
81031,False,100.0,True,4.84,220.0,Worsted
124991,False,115.0,True,4.92,443.0,Fingering
126658,False,100.0,False,4.85,437.0,Fingering
98852,False,113.0,False,4.83,370.0,Sport
58924,False,100.0,False,4.77,437.0,Fingering
67415,False,130.0,False,4.8,220.0,Worsted
19136,True,170.0,False,4.54,470.0,Sport
126180,False,100.0,True,4.8,463.0,Light Fingering
147228,False,100.0,False,4.94,195.0,Aran
108492,False,100.0,False,4.78,400.0,Fingering
70559,False,100.0,True,4.75,438.0,Fingering
163884,False,,False,4.8,420.0,Fingering
4584,False,100.0,True,4.29,360.0,Fingering
109327,False,114.0,True,4.45,755.0,Light Fingering
150904,False,115.0,True,4.86,437.0,Fingering
145439,False,100.0,True,4.85,247.0,DK
82183,False,50.0,False,4.86,459.0,Lace
112884,False,115.0,False,4.78,440.0,Fingering
130235,False,100.0,True,4.76,465.0,Light Fingering
39452,False,150.0,True,4.58,550.0,Fingering
73637,False,102.0,False,4.64,435.0,Fingering
326,False,454.0,False,4.58,1450.0,DK
146003,False,100.0,True,4.89,460.0,Fingering
105106,False,50.0,False,4.66,160.0,DK
115792,False,100.0,True,4.84,260.0,DK
7144,False,50.0,False,4.34,200.0,Fingering
41928,False,115.0,True,4.52,412.0,Light Fingering
120483,False,100.0,True,4.81,400.0,Fingering
88871,False,100.0,False,3.95,656.0,Lace
154580,False,100.0,True,4.9,400.0,Fingering
125061,False,100.0,True,4.76,450.0,Fingering
125830,False,100.0,True,4.94,438.0,Fingering
148834,False,100.0,True,4.88,460.0,Light Fingering
149105,False,100.0,False,4.78,262.0,DK
125731,False,150.0,True,4.87,555.0,Fingering
99024,True,100.0,False,4.86,438.0,Fingering
141156,False,25.0,True,4.69,107.0,Fingering
143167,False,115.0,True,4.66,400.0,Fingering
93321,False,100.0,False,4.59,437.0,Fingering
95924,False,100.0,True,4.72,463.0,Light Fingering
155995,False,113.0,True,4.73,475.0,Fingering
41003,True,100.0,False,3.96,191.0,Aran
159763,False,100.0,False,4.92,438.0,Fingering
98785,False,100.0,False,4.91,400.0,Fingering
91742,False,115.0,True,4.9,378.0,Fingering
146431,False,100.0,False,4.81,437.0,Sport
120771,False,100.0,True,4.94,231.0,DK
68428,False,100.0,True,4.75,440.0,Fingering
93066,False,100.0,True,4.53,459.0,Fingering
35265,True,227.0,True,4.47,1350.0,Lace
104597,False,100.0,False,4.71,437.0,Fingering
107708,False,127.0,True,4.55,405.0,Fingering
84090,False,114.0,True,4.36,500.0,Light Fingering
113501,False,113.0,True,4.84,434.0,Fingering
133444,False,100.0,False,4.79,437.0,Fingering
106252,False,100.0,False,4.92,383.0,Fingering
117616,False,100.0,False,4.85,516.0,Light Fingering
143009,False,100.0,True,4.9,463.0,Light Fingering
64696,False,100.0,False,4.74,435.0,Fingering
86763,False,112.0,True,4.81,565.0,Light Fingering
55919,False,100.0,True,4.83,220.0,Worsted
59435,False,114.0,False,4.82,1250.0,Lace
79507,False,100.0,True,4.85,400.0,Fingering
138544,False,100.0,False,4.86,465.0,Light Fingering
147353,False,100.0,False,4.83,437.0,Fingering
99758,True,100.0,True,4.87,463.0,Light Fingering
24112,False,113.0,False,4.85,188.0,Aran
90030,False,113.0,True,4.66,475.0,Fingering
142807,False,100.0,True,4.65,437.0,Fingering
113193,False,100.0,True,4.82,400.0,Fingering
130704,False,50.0,False,4.77,230.0,Fingering
88874,False,100.0,True,4.54,219.0,Worsted
46835,False,115.0,False,4.96,250.0,Sport
55915,False,100.0,True,4.78,463.0,Light Fingering
113156,False,100.0,False,4.69,400.0,Fingering
86793,False,50.0,False,4.81,400.0,Lace
154118,False,100.0,True,4.86,438.0,Fingering
308,False,100.0,False,4.31,225.0,Aran
157022,False,100.0,True,4.89,400.0,Fingering
94639,False,90.0,False,4.81,200.0,DK
136864,False,265.0,False,4.7,696.0,DK
79942,False,100.0,True,4.63,437.0,Fingering
73965,False,100.0,True,4.45,400.0,Fingering
40726,False,150.0,True,4.6,525.0,Fingering
135230,False,100.0,True,4.9,465.0,Fingering
126164,False,100.0,True,4.86,438.0,Fingering
6747,False,100.0,False,4.45,260.0,Aran
112225,False,100.0,False,4.77,465.0,Light Fingering
90028,False,100.0,True,4.87,400.0,Fingering
125005,True,100.0,True,4.75,463.0,Light Fingering
67791,True,115.0,True,4.74,440.0,Fingering
124021,False,100.0,False,4.7,394.0,Fingering
145717,False,100.0,False,4.92,275.0,DK
117293,False,100.0,False,4.8,400.0,Fingering
137287,False,105.0,True,4.86,250.0,DK
11884,False,100.0,True,4.42,400.0,Fingering
122946,False,100.0,True,4.92,465.0,Light Fingering
99388,False,141.0,True,4.59,530.0,Fingering
52710,True,115.0,False,4.54,375.0,Fingering
142078,False,100.0,True,4.84,400.0,Fingering
108763,False,50.0,False,4.51,328.0,Lace
111247,False,100.0,True,4.76,225.0,DK
90320,False,100.0,True,4.87,460.0,Fingering
138810,False,100.0,True,4.53,437.0,Fingering
145482,False,100.0,True,4.76,463.0,Light Fingering
25918,False,454.0,False,4.73,750.0,Bulky
74331,False,100.0,True,4.7,460.0,Light Fingering
59922,True,100.0,True,4.82,400.0,Fingering
136627,False,180.0,True,4.76,900.0,Light Fingering
62194,False,50.0,True,4.75,200.0,Fingering
79905,False,100.0,True,4.74,464.0,Light Fingering
92676,False,75.0,False,4.69,256.0,Sport
134091,False,115.0,True,4.84,420.0,Fingering
73900,False,100.0,True,4.99,215.0,Worsted
56953,True,114.0,True,4.33,490.0,Light Fingering
62791,False,100.0,True,4.89,437.0,Fingering
142782,False,100.0,True,4.98,460.0,Light Fingering
112197,False,100.0,True,4.72,460.0,Light Fingering
141644,False,113.0,False,4.65,430.0,Fingering
101663,False,100.0,True,4.9,437.0,Fingering
138138,False,100.0,False,4.9,438.0,Fingering
129032,False,113.0,False,4.86,430.0,Fingering
67130,False,100.0,False,4.8,437.0,Fingering
94342,True,100.0,False,4.48,437.0,Fingering
136521,True,100.0,True,4.9,465.0,Fingering
136339,False,50.0,False,4.96,200.0,Fingering
142711,False,100.0,False,4.91,437.0,Fingering
37957,False,100.0,True,4.82,464.0,Light Fingering
138809,False,100.0,False,4.85,400.0,Fingering
131030,False,100.0,False,4.65,480.0,Light Fingering
54858,False,110.0,True,4.8,400.0,Fingering
162022,False,100.0,False,4.78,395.0,Fingering
141805,False,100.0,True,4.77,437.0,Fingering
157094,False,100.0,False,4.94,463.0,Light Fingering
49026,False,115.0,False,4.92,,
129116,False,100.0,True,4.86,218.0,Worsted
86988,True,50.0,True,4.61,110.0,Aran
127173,False,100.0,True,4.83,437.0,Fingering
154667,False,100.0,False,4.89,437.0,Fingering
70556,False,100.0,True,4.84,435.0,Fingering
131982,False,100.0,False,4.77,437.0,Fingering
117590,False,100.0,True,4.99,463.0,Light Fingering
106917,False,100.0,True,4.85,465.0,Fingering
72830,True,100.0,True,4.68,435.0,Fingering
165008,False,50.0,False,4.93,459.0,Lace
126517,False,115.0,False,4.91,756.0,Light Fingering
44742,False,100.0,True,4.7,400.0,Fingering
133143,False,114.0,False,4.88,420.0,Fingering
146052,False,100.0,True,4.9,437.0,Fingering
49974,False,113.0,False,4.6,440.0,Fingering
5331,False,227.0,False,4.52,325.0,Aran
110165,False,104.0,True,4.94,230.0,DK
147303,False,100.0,True,4.98,400.0,Fingering
15973,True,100.0,False,4.58,400.0,Fingering
55320,True,100.0,True,4.65,399.0,Fingering
141380,False,100.0,False,4.63,435.0,Fingering
147041,False,100.0,True,4.93,437.0,Fingering
8247,True,113.0,True,4.52,330.0,Sport
126408,False,113.0,True,4.62,350.0,DK
112786,False,100.0,False,4.86,262.0,DK
160435,False,100.0,False,4.91,225.0,DK
118528,False,100.0,False,4.87,258.0,DK
82357,True,114.0,True,4.85,196.0,Worsted
71692,False,100.0,False,4.64,464.0,Light Fingering
1051,True,100.0,True,4.33,170.0,Aran
143321,False,100.0,False,4.93,460.0,Light Fingering
60200,False,100.0,True,4.63,400.0,Fingering
143877,False,115.0,True,4.73,200.0,Worsted
130488,False,100.0,False,4.96,875.0,Lace
8900,False,100.0,True,4.6,400.0,Fingering
94569,False,100.0,True,4.85,400.0,Fingering
118258,False,100.0,True,4.83,465.0,Fingering
56586,True,100.0,True,4.51,420.0,Fingering
124662,False,113.0,True,4.91,400.0,Fingering
89843,False,100.0,False,4.9,656.0,Light Fingering
150541,True,100.0,True,4.84,463.0,Light Fingering
25620,False,100.0,False,4.82,437.0,Fingering
123122,False,15.0,True,4.75,60.0,Fingering
124027,False,100.0,True,4.94,400.0,Fingering
139904,False,140.0,True,4.81,540.0,Fingering
146611,False,100.0,False,4.81,230.0,DK
148406,False,100.0,True,4.72,463.0,Light Fingering
126714,False,110.0,True,4.82,420.0,Fingering
124990,False,115.0,True,4.75,443.0,Fingering
150965,True,100.0,True,4.26,435.0,Fingering
307,False,100.0,False,4.15,65.0,Super Bulky
107483,False,113.0,False,4.94,280.0,DK
123539,False,100.0,False,4.79,437.0,Fingering
164092,False,20.0,False,4.86,93.0,Light Fingering
50273,False,100.0,False,4.66,500.0,Light Fingering
105556,False,100.0,True,4.85,460.0,Fingering
104520,True,50.0,True,4.68,173.0,Sport
99677,False,114.0,False,4.89,560.0,Lace
50355,False,100.0,True,4.88,428.0,Fingering
75356,False,100.0,True,4.8,438.0,Fingering
148938,False,114.0,True,4.77,550.0,Light Fingering
159397,False,100.0,True,4.88,400.0,Fingering
46319,True,100.0,False,4.8,440.0,Fingering
158946,False,100.0,True,4.95,400.0,Fingering
146489,False,110.0,True,4.94,400.0,Fingering
144635,False,100.0,True,4.91,218.0,Worsted
30693,True,100.0,False,4.74,265.0,DK
116627,False,67.0,False,4.58,200.0,Sport
111000,False,100.0,True,4.78,400.0,Fingering
144747,False,100.0,False,4.88,465.0,Light Fingering
89457,False,100.0,True,4.85,230.0,DK
127594,False,100.0,False,4.73,435.0,Fingering
124015,True,,True,4.65,420.0,Fingering
44948,True,115.0,False,4.52,700.0,Lace
143876,False,100.0,True,4.77,400.0,Fingering
134822,False,100.0,True,4.84,437.0,Fingering
129436,False,100.0,True,4.76,459.0,Light Fingering
6657,False,115.0,True,4.46,430.0,Fingering
154290,False,100.0,True,4.84,400.0,Fingering
109895,False,115.0,True,4.91,355.0,Sport
74593,False,100.0,False,4.63,430.0,Fingering
69133,False,50.0,False,4.59,145.0,Sport
125545,False,100.0,True,4.85,220.0,Worsted
141171,False,100.0,True,4.91,463.0,Light Fingering
79763,False,100.0,False,4.79,465.0,Light Fingering
72101,False,100.0,False,4.73,400.0,Fingering
177784,False,115.0,False,4.79,420.0,Fingering
163429,False,100.0,False,4.93,463.0,Light Fingering
122747,True,,False,4.85,250.0,DK
38342,True,184.0,True,4.34,500.0,Fingering
165847,False,113.0,True,4.86,420.0,Fingering
7855,False,114.0,True,4.52,407.0,Fingering
138785,False,100.0,False,4.91,435.0,Fingering
62127,False,100.0,False,4.71,463.0,Light Fingering
28342,True,100.0,False,4.8,994.0,Lace
23105,False,100.0,True,4.75,460.0,Light Fingering
22047,False,100.0,False,4.63,273.0,DK
122635,True,100.0,False,4.6,437.0,Fingering
75725,False,,False,5.0,,
48287,False,100.0,True,4.71,463.0,Light Fingering
104435,False,100.0,True,4.9,460.0,Fingering
144268,False,115.0,True,4.82,250.0,DK
112609,False,115.0,True,4.68,420.0,Fingering
128602,False,100.0,True,4.76,400.0,
144563,False,100.0,True,4.71,219.0,DK
154367,False,100.0,True,4.65,300.0,DK
76957,False,70.0,True,4.98,160.0,DK
59059,False,100.0,True,4.66,420.0,Fingering
162952,False,150.0,True,4.89,600.0,Fingering
53138,False,100.0,True,4.57,490.0,Light Fingering
133047,False,150.0,False,4.95,694.0,Lace
119378,True,100.0,True,4.89,437.0,Fingering
124557,False,100.0,True,4.92,328.0,Sport
146381,False,115.0,True,4.81,420.0,Fingering
157392,False,12.0,True,4.81,45.0,Fingering
28631,False,100.0,False,4.05,400.0,Fingering
94238,True,100.0,True,4.95,437.0,Fingering
137262,False,100.0,False,4.94,246.0,DK
138924,False,100.0,False,4.88,437.0,Fingering
28753,True,100.0,True,4.4,400.0,Fingering
104196,False,100.0,True,4.91,437.0,Fingering
126739,False,100.0,True,4.91,328.0,Sport
153789,False,115.0,True,4.81,420.0,Fingering
72730,False,100.0,False,4.74,325.0,Sport
112250,False,100.0,True,4.66,274.0,DK
166906,False,100.0,False,4.64,220.0,Worsted
142285,False,100.0,True,4.85,399.0,Fingering
76070,False,100.0,True,4.92,438.0,Fingering
76082,False,100.0,True,4.87,460.0,Light Fingering
118046,False,113.0,False,4.81,400.0,Sport
131987,False,38.0,True,4.89,133.0,Fingering
58663,False,100.0,True,4.73,400.0,Fingering
114853,False,100.0,False,4.73,371.0,Fingering
94980,False,100.0,True,4.61,400.0,Fingering
85329,False,100.0,False,4.86,465.0,Light Fingering
54612,False,100.0,True,4.58,400.0,Fingering
136418,False,100.0,True,4.93,400.0,Fingering
96963,False,100.0,True,4.8,463.0,Light Fingering
112899,False,100.0,True,4.85,460.0,Light Fingering
141339,False,100.0,True,4.74,463.0,Light Fingering
143203,False,100.0,False,4.94,463.0,Light Fingering
121109,False,113.0,False,4.82,500.0,Light Fingering
153984,False,100.0,True,4.74,462.0,Light Fingering
117170,False,50.0,False,4.34,175.0,Worsted
152956,False,100.0,True,4.9,400.0,Fingering
681,False,14.0,False,4.51,50.0,DK
77075,False,100.0,False,4.86,395.0,Fingering
29901,False,115.0,True,4.58,420.0,Fingering
24122,False,100.0,True,4.64,465.0,Light Fingering
90937,False,113.0,True,4.96,200.0,Worsted
145490,False,100.0,False,4.91,416.0,Fingering
146677,False,100.0,True,4.81,400.0,Fingering
149081,False,100.0,True,4.81,462.0,Light Fingering
71024,False,100.0,True,4.36,463.0,Light Fingering
144067,False,100.0,False,4.85,437.0,Fingering
108885,False,100.0,True,4.79,400.0,Fingering
73847,False,25.0,False,4.68,231.0,Lace
132189,False,110.0,False,5.0,385.0,Fingering
97273,False,50.0,True,4.96,136.0,DK
57600,False,100.0,True,4.95,218.0,Worsted
91739,False,115.0,True,4.76,462.0,Light Fingering
107486,False,113.0,False,4.74,210.0,Aran
124585,False,75.0,False,4.68,313.0,Fingering
131154,False,100.0,False,4.81,468.0,Light Fingering
173381,False,100.0,True,4.72,385.0,Fingering
112839,False,100.0,True,4.79,459.0,Fingering
33685,False,72.0,True,4.74,186.0,DK
119745,False,114.0,False,4.49,365.0,Sport
93784,False,100.0,False,4.78,437.0,Fingering
5540,True,100.0,False,4.69,273.0,Sport
156336,False,100.0,True,4.86,400.0,Fingering
70558,False,100.0,True,4.92,437.0,Fingering
18071,True,100.0,False,4.62,145.0,Bulky
128891,False,50.0,True,4.61,185.0,Fingering
36392,False,115.0,False,4.46,386.0,Fingering
128019,False,50.0,True,4.39,215.0,Fingering
173443,False,80.0,True,4.91,200.0,DK
157565,False,100.0,True,4.68,142.0,Aran
149276,False,100.0,False,4.71,437.0,Fingering
70557,False,100.0,True,4.63,438.0,Fingering
155075,False,100.0,True,4.85,436.0,Fingering
76779,True,,False,4.74,240.0,Sport
133194,False,100.0,True,4.85,325.0,Sport
83116,False,100.0,True,4.74,870.0,Lace
103427,False,113.0,False,4.65,560.0,Light Fingering
45591,False,50.0,True,4.45,96.0,DK
143067,False,100.0,False,4.83,437.0,Fingering
165015,False,113.0,True,4.85,421.0,Fingering
168204,False,100.0,False,4.97,436.0,Fingering
116647,False,120.0,True,4.72,420.0,Fingering
145440,False,115.0,True,4.72,440.0,Fingering
90250,False,100.0,False,4.69,470.0,Light Fingering
75233,False,100.0,True,4.89,420.0,Fingering
139516,False,100.0,False,4.82,437.0,Fingering
59647,False,100.0,True,4.81,437.0,Fingering
65294,False,100.0,True,4.78,400.0,Fingering
141961,False,100.0,True,4.78,400.0,Fingering
36734,False,100.0,False,4.29,330.0,Sport
70065,False,100.0,False,4.63,350.0,Fingering
87594,False,115.0,False,4.76,213.0,Worsted
112765,False,50.0,False,4.71,273.0,Light Fingering
85999,False,115.0,True,4.58,490.0,Light Fingering
65231,True,100.0,True,4.92,440.0,Fingering
5305,False,100.0,True,4.45,455.0,Light Fingering
60885,False,100.0,False,4.74,230.0,DK
32972,False,100.0,False,4.69,437.0,Fingering
117473,False,100.0,True,4.93,463.0,Fingering
144929,False,100.0,False,4.82,400.0,Fingering
145611,False,100.0,False,4.81,410.0,Fingering
129058,False,50.0,True,4.68,164.0,Sport
143350,False,100.0,False,4.32,460.0,Light Fingering
141426,False,100.0,True,4.96,437.0,Fingering
116340,False,100.0,False,4.66,435.0,Fingering
133388,False,100.0,True,4.98,219.0,DK
149899,False,100.0,False,4.81,55.0,Super Bulky
141959,False,100.0,True,4.74,430.0,Fingering
121243,True,100.0,False,4.73,656.0,Lace
19402,False,113.0,True,3.97,350.0,DK
179185,False,100.0,True,4.93,465.0,Light Fingering
75519,False,100.0,False,4.59,450.0,Light Fingering
132469,False,100.0,True,4.81,459.0,Fingering
164004,False,100.0,False,4.68,150.0,Aran
22049,False,100.0,True,4.58,410.0,Fingering
146363,False,100.0,False,4.98,400.0,Fingering
154794,False,100.0,False,4.9,437.0,Fingering
98636,False,100.0,True,4.78,180.0,Aran
90847,False,113.0,True,4.73,385.0,Sport
111135,False,100.0,True,4.93,437.0,Fingering
162861,False,60.0,False,4.85,241.0,Fingering
77258,False,114.0,False,4.76,500.0,Light Fingering
142153,False,100.0,True,4.85,437.0,Fingering
124598,False,,False,4.83,100.0,Super Bulky
116500,False,100.0,True,4.79,400.0,Fingering
141008,False,100.0,True,4.9,460.0,Light Fingering
129921,False,100.0,True,4.84,438.0,Fingering
58966,True,100.0,True,4.7,274.0,Sport
122738,False,70.0,False,4.99,200.0,Sport
129546,False,100.0,True,4.9,437.0,Fingering
22916,False,100.0,False,4.47,330.0,Sport
52833,False,100.0,True,4.06,459.0,Light Fingering
129663,False,100.0,False,4.85,463.0,Light Fingering
129240,False,,False,4.8,200.0,Worsted
97068,False,100.0,False,4.68,801.0,Lace
5451,True,200.0,False,3.11,150.0,Bulky
144076,False,100.0,True,4.81,463.0,Light Fingering
31541,True,113.0,False,4.65,210.0,Worsted
38526,True,,False,4.85,200.0,Worsted
108792,False,100.0,False,4.74,525.0,Fingering
35678,False,153.0,True,3.28,450.0,Sport
173697,False,100.0,True,4.83,219.0,Worsted
62649,False,100.0,True,4.76,440.0,Fingering
106636,False,100.0,True,4.69,437.0,Fingering
147665,False,100.0,False,4.95,400.0,Fingering
126897,False,135.0,True,4.79,250.0,Worsted
122504,False,100.0,True,4.78,463.0,Light Fingering
165044,False,100.0,False,4.54,399.0,Fingering
5210,False,100.0,True,4.36,465.0,Light Fingering
88613,False,100.0,False,4.94,440.0,Fingering
127784,False,100.0,True,4.94,328.0,Sport
51512,False,100.0,True,4.89,460.0,Light Fingering
136467,False,100.0,True,4.75,275.0,DK
118966,False,150.0,True,4.33,822.0,Light Fingering
151784,False,100.0,False,4.97,400.0,Fingering
118195,False,100.0,True,4.86,328.0,Sport
71582,False,100.0,False,4.84,400.0,Fingering
86454,True,100.0,False,4.84,231.0,DK
155729,False,100.0,True,4.46,225.0,Worsted
8498,True,57.0,True,4.1,154.0,Sport
145404,False,100.0,False,4.83,465.0,Fingering
68681,True,100.0,False,4.81,875.0,Lace
3721,False,113.0,True,4.56,480.0,Light Fingering
72112,False,100.0,True,4.55,230.0,Worsted
140425,True,100.0,False,4.98,246.0,DK
109083,False,100.0,False,4.88,435.0,Fingering
126570,False,100.0,False,4.96,459.0,Light Fingering
149704,False,100.0,True,4.88,463.0,Light Fingering
135816,False,100.0,False,4.67,399.0,Fingering
116216,False,115.0,False,4.54,407.0,Fingering
38668,False,195.0,False,4.58,1200.0,Lace
106319,False,100.0,False,4.42,460.0,Light Fingering
7708,True,100.0,False,4.79,440.0,Fingering
150477,False,100.0,False,4.76,465.0,Light Fingering
58370,True,100.0,False,4.86,240.0,Worsted
42688,False,100.0,True,4.71,455.0,Fingering
85577,False,100.0,True,4.67,240.0,DK
146351,False,100.0,True,4.93,460.0,Fingering
153768,False,100.0,False,4.88,437.0,Fingering
151948,True,115.0,True,4.97,416.0,Fingering
42956,False,105.0,True,4.81,230.0,Worsted
150545,False,75.0,False,4.75,712.0,Lace
148794,False,115.0,True,4.73,260.0,DK
64888,True,130.0,False,4.63,1250.0,Lace
136308,False,110.0,True,4.65,410.0,Fingering
37987,False,128.0,True,4.41,390.0,Fingering
128950,False,100.0,True,4.78,463.0,Fingering
123331,False,100.0,True,4.73,463.0,Light Fingering
119245,False,100.0,False,4.66,400.0,Fingering
37133,True,100.0,True,4.57,361.0,Fingering
37359,False,100.0,True,4.71,500.0,Light Fingering
148911,False,114.0,False,4.95,425.0,Fingering
92383,False,100.0,True,4.57,245.0,DK
89488,False,100.0,False,4.93,437.0,Fingering
53975,False,100.0,True,4.6,218.0,Worsted
83597,False,100.0,True,4.6,460.0,Light Fingering
59446,True,114.0,False,4.55,375.0,DK
122599,True,114.0,False,4.81,275.0,DK
26633,False,100.0,True,4.27,436.0,Fingering
145049,False,100.0,True,4.81,215.0,Worsted
69125,False,113.0,False,3.96,560.0,Light Fingering
51336,False,100.0,True,4.81,560.0,Light Fingering
121890,False,100.0,True,4.78,463.0,Light Fingering
154541,False,100.0,False,4.69,432.0,Fingering
81534,False,100.0,True,4.62,500.0,Light Fingering
328,False,340.0,False,4.55,1260.0,Fingering
53622,False,115.0,True,4.96,357.0,Sport
128415,False,100.0,False,4.9,328.0,Sport
138551,False,100.0,False,4.84,257.0,DK
104083,False,100.0,True,4.81,465.0,Light Fingering
130601,False,100.0,False,4.76,394.0,Fingering
33978,False,100.0,True,4.61,430.0,Fingering
162228,False,60.0,False,4.9,115.0,Worsted
150085,False,100.0,False,4.95,437.0,Fingering
57599,False,100.0,True,4.85,400.0,Fingering
117421,False,100.0,True,4.82,274.0,DK
121209,False,100.0,True,4.8,437.0,Fingering
118519,False,100.0,True,4.52,450.0,Fingering
145397,False,100.0,True,4.81,437.0,Fingering
151422,False,100.0,False,5.0,400.0,Fingering
124943,False,100.0,False,4.96,328.0,Sport
156227,False,113.0,True,4.84,434.0,Fingering
146680,False,100.0,False,4.82,400.0,Fingering
83920,False,100.0,True,4.71,463.0,Light Fingering
77325,False,100.0,False,4.67,435.0,Fingering
133497,False,115.0,True,4.58,260.0,DK
45635,False,100.0,True,4.41,400.0,Light Fingering
168180,False,,True,4.76,225.0,DK
150328,False,113.0,True,4.73,495.0,Light Fingering
139248,False,100.0,True,4.71,437.0,Fingering
99784,False,75.0,False,4.93,1148.0,Lace
107934,False,100.0,True,4.93,437.0,Fingering
25541,False,100.0,False,4.34,400.0,Fingering
150661,False,100.0,False,5.0,437.0,Fingering
97639,False,115.0,True,4.97,273.0,DK
126178,False,100.0,True,4.42,345.0,Sport
139693,False,100.0,False,4.88,437.0,Fingering
110479,False,100.0,True,4.7,463.0,Light Fingering
101498,False,115.0,False,4.64,402.0,Fingering
155436,False,100.0,False,4.93,465.0,Light Fingering
82028,True,115.0,False,4.83,400.0,Fingering
33146,False,100.0,True,4.79,400.0,Fingering
128592,False,50.0,True,4.76,137.0,Sport
101311,False,100.0,False,4.73,1085.0,Lace
103165,False,50.0,False,4.7,113.0,DK
90039,False,113.0,True,4.59,405.0,Fingering
142386,False,100.0,True,4.97,465.0,Fingering
135013,False,100.0,True,4.86,400.0,Fingering
148177,False,100.0,True,4.82,246.0,DK
148092,False,100.0,False,4.76,463.0,Light Fingering
69518,False,100.0,True,4.74,437.0,Fingering
4926,False,113.0,True,4.67,500.0,Light Fingering
66130,True,150.0,True,4.51,820.0,Lace
159469,False,100.0,True,4.25,240.0,DK
142798,False,100.0,True,4.92,465.0,Light Fingering
130070,True,114.0,False,4.83,400.0,Fingering
112872,False,100.0,True,4.76,400.0,Fingering
52780,False,113.0,False,4.7,372.0,Sport
153814,False,115.0,True,4.93,250.0,DK
114344,True,150.0,False,4.76,600.0,Fingering
40102,False,100.0,False,4.63,460.0,Light Fingering
123944,False,100.0,True,4.96,400.0,Fingering
28648,False,100.0,True,4.9,220.0,DK
122007,False,100.0,True,4.87,437.0,Fingering
73403,True,100.0,True,4.7,459.0,Light Fingering
117301,False,100.0,False,4.68,197.0,Aran
80658,False,100.0,False,4.63,459.0,Fingering
136065,False,100.0,False,4.9,465.0,Fingering
79820,False,100.0,True,4.82,399.0,Fingering
130537,False,100.0,False,4.81,465.0,Light Fingering
90992,False,100.0,True,4.77,437.0,Fingering
73326,True,100.0,False,4.77,246.0,DK
138426,False,100.0,True,4.26,467.0,Light Fingering
138428,False,50.0,False,5.0,459.0,Lace
4332,False,233.0,False,4.6,2500.0,Lace
95707,False,100.0,False,4.84,286.0,Sport
177527,False,100.0,False,4.82,400.0,Fingering
118520,False,100.0,False,4.69,225.0,Worsted
3430,False,70.0,True,4.89,170.0,Sport
96,False,113.0,False,4.46,313.0,Worsted
11885,False,100.0,True,4.29,360.0,Fingering
119744,False,114.0,False,4.02,811.0,Lace
88805,False,100.0,True,4.87,400.0,Fingering
124362,True,100.0,False,4.87,246.0,DK
83652,False,100.0,True,4.79,106.0,Bulky
115930,False,50.0,True,4.44,200.0,DK
171774,False,100.0,True,4.79,328.0,Sport
145658,False,150.0,True,4.74,600.0,Fingering
167176,False,100.0,True,5.0,231.0,DK
168132,False,115.0,False,4.94,426.0,Fingering
73144,True,100.0,False,4.84,379.0,Sport
152607,False,100.0,True,4.72,437.0,Fingering
19235,False,100.0,False,4.59,300.0,Sport
77302,False,113.0,True,4.88,460.0,Fingering
29324,True,100.0,False,4.72,437.0,Fingering
40485,False,200.0,True,4.54,1100.0,Light Fingering
132896,False,100.0,False,4.93,437.0,Fingering
87616,True,110.0,False,4.84,385.0,Fingering
153816,False,100.0,False,4.79,400.0,Fingering
163194,False,100.0,False,4.2,440.0,Fingering
154307,False,115.0,False,4.93,250.0,DK
142836,False,100.0,True,4.88,400.0,Fingering
140093,False,100.0,True,4.84,400.0,Fingering
143954,False,100.0,False,4.95,400.0,Fingering
147151,False,100.0,False,4.94,460.0,Light Fingering
71189,False,100.0,True,4.79,438.0,Fingering
148603,False,100.0,False,4.73,941.0,Lace
